"filename","name"
"ID0001_IMG_0769.jpg","ID0001"
"ID0002_IMG_0775.jpg","ID0002"
"ID0003_IMG_0776.jpg","ID0003"
"ID0003_IMG_0779.jpg","ID0003"
"ID0004_IMG_0787.jpg","ID0004"
"ID0005_IMG_0806.jpg","ID0005"
"ID0006_IMG_0811.jpg","ID0006"
"ID0007_IMG_0823.jpg","ID0007"
"ID0008_IMG_0863.jpg","ID0008"
"ID0009_IMG_0888.jpg","ID0009"
"ID0010_IMG_0900.jpg","ID0010"
"ID0011_IMG_0907.jpg","ID0011"
"ID0012_IMG_0938.jpg","ID0012"
"ID0013_IMG_0940.jpg","ID0013"
"ID0014_IMG_0946.jpg","ID0014"
"ID0015_IMG_0971.jpg","ID0015"
"ID0016_IMG_0973.jpg","ID0016"
"ID0017_IMG_0984.jpg","ID0017"
"ID0018_IMG_1008.jpg","ID0018"
"ID0019_IMG_1013.jpg","ID0019"
"ID0020_IMG_1017.jpg","ID0020"
"ID0021_IMG_1076.jpg","ID0021"
"ID0022_IMG_1079.jpg","ID0022"
"ID0023_IMG_1086.jpg","ID0023"
"ID0023_IMG_1335.jpg","ID0023"
"ID0024_IMG_1122.jpg","ID0024"
"ID0025_IMG_1127.jpg","ID0025"
"ID0026_IMG_1130.jpg","ID0026"
"ID0027_IMG_1135.jpg","ID0027"
"ID0028_IMG_1156.jpg","ID0028"
"ID0029_IMG_1157.jpg","ID0029"
"ID0030_IMG_1184.jpg","ID0030"
"ID0031_IMG_4526.jpg","ID0031"
"ID0032_IMG_1204.jpg","ID0032"
"ID0033_IMG_1210.jpg","ID0033"
"ID0034_IMG_1228.jpg","ID0034"
"ID0035_IMG_4546.jpg","ID0035"
"ID0036_IMG_4728.jpg","ID0036"
"ID0037_IMG_1827.jpg","ID0037"
"ID0038_IMG_1836.jpg","ID0038"
"ID0039_IMG_1839.jpg","ID0039"
"ID0040_IMG_1855.jpg","ID0040"
"ID0041_IMG_1867.jpg","ID0041"
"ID0042_IMG_1886.jpg","ID0042"
"ID0043_IMG_1898.jpg","ID0043"
"ID0044_IMG_1905.jpg","ID0044"
"ID0045_IMG_1935.jpg","ID0045"
"ID0046_IMG_1935.jpg","ID0046"
"ID0047_IMG_1973.jpg","ID0047"
"ID0047_IMG_2013.jpg","ID0047"
"ID0048_IMG_1980.jpg","ID0048"
"ID0049_IMG_1982.jpg","ID0049"
"ID0050_IMG_1984.jpg","ID0050"
"ID0051_IMG_1989.jpg","ID0051"
"ID0052_IMG_2010.jpg","ID0052"
"ID0053_IMG_2015.jpg","ID0053"
"ID0054_IMG_2015.jpg","ID0054"
"ID0055_IMG_2040.jpg","ID0055"
"ID0056_IMG_2075.jpg","ID0056"
"ID0057_IMG_2099.jpg","ID0057"
"ID0057_IMG_2104.jpg","ID0057"
"ID0058_IMG_2107.jpg","ID0058"
"ID0059_IMG_2219.jpg","ID0059"
"ID0060_IMG_2238.jpg","ID0060"
"ID0061_IMG_2242.jpg","ID0061"
"ID0062_IMG_2249.jpg","ID0062"
"ID0063_IMG_2262.jpg","ID0063"
"ID0064_IMG_2264.jpg","ID0064"
"ID0065_IMG_2265.jpg","ID0065"
"ID0066_IMG_2269.jpg","ID0066"
"ID0067_IMG_2278.jpg","ID0067"
"ID0068_IMG_2280.jpg","ID0068"
"ID0069_IMG_1255.jpg","ID0069"
"ID0070_IMG_1259.jpg","ID0070"
"ID0071_IMG_1282.jpg","ID0071"
"ID0071_IMG_1561.jpg","ID0071"
"ID0072_IMG_1304.jpg","ID0072"
"ID0072_IMG_1323.jpg","ID0072"
"ID0073_IMG_1309.jpg","ID0073"
"ID0074_IMG_1317.jpg","ID0074"
"ID0075_IMG_1321.jpg","ID0075"
"ID0076_IMG_1368.jpg","ID0076"
"ID0077_IMG-1372.jpg","ID0077"
"ID0077_IMG_1391.jpg","ID0077"
"ID0078_IMG_1387.jpg","ID0078"
"ID0079_IMG_1395.jpg","ID0079"
"ID0079_IMG_1495.jpg","ID0079"
"ID0080_IMG_1398.jpg","ID0080"
"ID0080_IMG_1406.jpg","ID0080"
"ID0080_IMG_1412.jpg","ID0080"
"ID0081_IMG_1401.jpg","ID0081"
"ID0082_IMG_1453.jpg","ID0082"
"ID0083_IMG_1485.jpg","ID0083"
"ID0084_IMG_1490.jpg","ID0084"
"ID0085_IMG_1546.jpg","ID0085"
"ID0086_IMG_1548.jpg","ID0086"
"ID0087_IMG_1550.jpg","ID0087"
"ID0088_IMG_1588.jpg","ID0088"
